{
      "stsServer": "http://localhost:5000",
      "redirect_url": "http://localhost:4200",
      "client_id": "ims_angular",
      "response_type": "code",
      "scope": " ims_api openid profile",
      "post_logout_redirect_uri": "http://localhost:4200",
      "start_checksession": true,
      "silent_renew": true,
      "silent_renew_url": "http://localhost:4200/silent-renew.html",
      "post_login_route": "/home",
      "forbidden_route": "/forbidden",
      "unauthorized_route": "/unauthorized",
      "log_console_warning_active": true,
      "log_console_debug_active": true,
      "max_id_token_iat_offset_allowed_in_seconds": 10
  }